"id","user_id","product_id","quantity","added_date"
"id","user_id","product_id","quantity","created_at","updated_at"
"17","5","11","1","2025-01-27 11:22:27","2025-01-27 11:22:27"
"31","1","4","1","2025-02-10 11:22:58","2025-02-10 11:22:58"
"32","8","3","1","2025-02-11 00:08:21","2025-02-11 00:08:21"
"id","user_id","total_cost","address","phone","order_date","payment_method","payment_details"
"1","1","14500.00","Vijayawada","8074223801","2025-01-25 16:09:37","cod","Cash on Delivery"
"2","3","14649.00","Vijayawada","9988776655","2025-01-25 17:10:00","cod","Cash on Delivery"
"3","4","149.00","Vijayawada","9988776655","2025-01-25 17:30:34","cod","Cash on Delivery"
"4","1","1600.00","Vijayawada","9988776655","2025-01-25 21:54:19","cod","Cash on Delivery"
"6","1","800.00","Vijayawada","9988776655","2025-01-25 22:12:48","cod","Cash on Delivery"
"7","1","800.00","jaggayyapeta","9988776644","2025-01-25 23:42:48","cod","Cash on Delivery"
"8","1","78908.00","vijayawada","9988776644","2025-01-25 23:43:29","cod","Cash on Delivery"
"9","1","149.00","vijayawada","9988776644","2025-01-25 23:55:10","cod","Cash on Delivery"
"10","1","149.00","vijayawada","9988776655","2025-01-25 23:55:21","cod","Cash on Delivery"
"11","1","149.00","vijayawada","9988776655","2025-01-26 00:18:43","cod","Cash on Delivery"
"12","1","399.00","vijayawada","9988776655","2025-01-26 15:26:22","cod","Cash on Delivery"
"13","1","121768.00","vijayawada","9988776655","2025-01-26 15:33:08","cod","Cash on Delivery"
"14","1","121768.00","vijayawada","9988776655","2025-01-26 15:34:59","cod","Cash on Delivery"
"15","1","121768.00","vijayawada","8074223801","2025-01-26 15:37:37","cod","Cash on Delivery"
"16","5","121768.00","Guntur","9490851787","2025-01-27 11:23:26","upi","kushal@icici"
"17","8","50.00","mumbai","6380599765","2025-02-02 21:40:12","cod","Cash on Delivery"
"18","1","121768.00","vijayawada","8074223801","2025-02-03 11:25:18","cod","Cash on Delivery"
"19","1","50.00","vijayawada","8074223801","2025-02-03 11:42:13","cod","Cash on Delivery"
"20","1","50.00","vijayawada","8074223801","2025-02-10 11:19:43","cod","Cash on Delivery"
"21","1","50.00","vijayawada","8074223801","2025-02-10 11:19:53","cod","Cash on Delivery"
"22","1","1199.00","vijayawada","8074223801","2025-02-10 11:23:07","cod","Cash on Delivery"
"23","8","149.00","mumbai","6380599765","2025-02-11 00:08:32","cod","Cash on Delivery"
"id","order_id","product_id","quantity"
"1","1","1","1"
"2","2","3","1"
"3","2","1","1"
"4","3","3","1"
"5","4","6","2"
"7","6","6","1"
"8","7","6","1"
"9","8","9","1"
"10","9","3","1"
"11","10","3","1"
"12","11","3","1"
"13","12","7","1"
"14","13","11","1"
"15","14","11","1"
"16","15","11","1"
"17","16","11","1"
"18","17","15","1"
"19","18","11","1"
"20","19","15","1"
"21","20","15","1"
"22","21","15","1"
"23","22","4","1"
"24","23","3","1"
"id","name","price","description","image","created_at","stock","category","sku","attributes"
"1","samsung s23","14500.00","samsung s23 mobile","../product_images/samsungs23.jpg","2025-01-25 14:50:54","5","Phones","PHO-6794CB247412",NULL
"3","LED Bulb 10W","149.00","Energy-efficient 10W LED bulb, suitable for home and office use.","ledbulb.jpg","2025-01-25 17:05:27","198","Furniture","FUR-6794CC7F8323",NULL
"4","Electric Kettle 1.5L","1199.00","1.5L electric kettle with auto shut-off feature.","kettle.jpg","2025-01-25 17:58:35","80","Furniture","FUR-6794D8F31391",NULL
"6","Web Development","800.00","Web Development Book","webdev.jpg","2025-01-25 18:04:18","6","Books","BOO-6794DA4A305",NULL
"7","Python","399.00","Introduction to the python","python.png","2025-01-25 22:22:43","37","Books","BOO-679516DB9800",NULL
"8","Bedroom Furniture","25776.00","Melrose Discount Furniture is one of the top discount stores in Los Angeles. We pride ourselves on high-quality selections sold at affordable prices delivered and assembled at your house completely free of charge! We offer various choices in a wide variety of shapes, sizes, and styles so you can find the perfect piece of interior decor to spice up your living room, bedroom, or office! Check out the wide selection from one of the cheap furniture stores in Los Angeles!
Interior design is one of the key factors in creating the best environment in your house to make you feel comfortable and relaxed and it all starts with the type of interior decor items you pick. We work with various high-quality brands to ensure we deliver the best quality furniture to you which will bring value to you and your family.","bedroom.jpg","2025-01-25 22:43:52","10","Furniture","FUR-67951BD04226",NULL
"9","MacBook Air M1","78908.00","MacBook Air M1 (33.74 cm / 13&quot;, 256 GB): The effective starting price on cards is ₹78,908 after cashback and discounts.","mackbookair13.jpg","2025-01-25 22:52:54","2","Laptops","LAP-67951DEE2530",NULL
"10","HP Pavilion 15","75000.00","HP Pavilion 15-eg2025nr: This laptop features a 12th Generation Intel Core i7-1255U processor, 16 GB of RAM, and a 512 GB SSD. It has a 15.6-inch Full HD display and runs on Windows 11 Pro. It also includes a fingerprint reader, Wi-Fi, Bluetooth, and an HD webcam. This model is known for its sleek design and outstanding performance.","hppavilion15.jpeg","2025-01-26 00:21:04","21","Laptops","LAP-679532987409",NULL
"11","Apple iPhone 15 Pro Max","121768.00","Supports MCPTT Quality of Service (FirstNet Rapid Response and FirstNet Push-to-Talk)
Forged in titanium – iPhone 15 Pro Max has a strong and light aerospace-grade titanium design with a textured matte-glass back. It also features a Ceramic Shield front that’s tougher than any smartphone glass. And it’s splash, water and dust resistant.¹","iphone15pro.png","2025-01-26 00:24:41","4","Phones","PHO-679533717680",NULL
"12","ASUS Vivobook Go 15.6&quot; OLED Laptop","47329.57","ASUS Vivobook Go 15.6&quot; OLED Laptop, AMD Ryzen 5 7520U, 16GB, 512GB, Windows 11 Home, Cool Silver, E1504FA-NS54","asusvivobook.jpg","2025-01-26 00:27:35","28","Laptops","LAP-6795341F3076",NULL
"13","Dell XPS 13","61789.00","Dell XPS 13 (9310), 13.4- inch FHD+ Touch Laptop - Intel Core i7-1185G7, 16GB 4267MHz LPDDR4x RAM, 512GB SSD, Iris Xe Graphics, Windows 10 Pro - Platinum Silver with Black Palmrest","delllaptopxps13.jpg","2025-01-26 01:17:08","44","Laptops","LAP-67953FBC6282","{""specialization"":""XPS 13"",""processor"":""i7"",""ram"":""16 GB"",""rom"":""""}"
"15","orbit","50.00","Why this gum? Smell like a gem always! Wrigleys Orbit Spearmint Sugarfree Chewing Gum gives you the confidence needed to rise to the occasion and seize the moment with an assured cashback worth Rs.25. You can always count on Orbit gum for a clean and fresh mouth feel at any time. What makes it different? This sugar free chewing gum gives you clean and healthy teeth and lets you focus on yourself, while its smooth and refreshing cool spearmint flavour gives you the readiness to make the most of your moment and emerge out stronger than who you were. Now be fresh breath ready with Orbit, even with the mask on! When to have this gum? Pop a gum while working out in a gym, while studying for better concentration or to freshen up behind the mask.

Storage Instructions: Store in a cool and dry condition.","orbit.jpg","2025-01-28 10:40:11","501","Food and Beverage","FOO-67A05D523044","[]"
"id","product_id","change_amount","action","change_date"
"id","username","email","password","phone","address","created_at","role","full_name","pincode","location","profile_picture","wallet_balance","reset_token","reset_expiry","otp","otp_expiry","is_verified"
"1",,"mohanbalu292@gmail.com","$2y$10$ZlzY.UKNggXvYS2v5xqo8udSaJou1/05gm8YH0fj1CakFJVBZJe0e","8074223801","vijayawada","2025-01-25 15:05:02","user","Mohan balu","521175","jaggayyapeta","../uploads/profilemine.png","0.00",NULL,NULL,,NULL,"0"
"2",,"saradhi@gmail.com","$2y$10$hz/gIPaLYnbbOEAE8cw0A.8yLWl71EV4M1bE4ZMFYPF2JfSYR/EIy","9440738630","jaggayyapeta , andhra pradesh","2025-01-25 15:49:08","user","saradhi","521175","Jaggayyapeta","../uploads/Offer-Letter-prodigy.png","0.00",NULL,NULL,,NULL,"0"
"3",,"arjun@gmail.com","$2y$10$fxhUevsHFCLGUXvmeDzZaO1sSyE.yGnqqNqWN6MivOOHcicDV2B6G","9988776655","Hyderbad , Telangana","2025-01-25 17:08:43","user","allu arjun","527175","Hyderbad","../uploads/alluarjun.jpg","0.00",NULL,NULL,,NULL,"0"
"4",,"admin@gmail.com","$2y$10$WP0fWhua7XBtP5WDTq/JG.EgeXz/pqoVccrjVQCq7T1Mm05bXDiQC","9988776644","SRM UNVI","2025-01-25 17:13:27","admin","admin","521175","Hyderbad","../uploads/admin.jpg","0.00",NULL,NULL,,NULL,"0"
"5",,"kushal@gmail.com","$2y$10$vtwSygNCXM9g0Yf38C.U1OGJfdD3N75kczWcyb47/oUW27PbglC/G","9490851787","Guntur","2025-01-27 11:21:31","user","kushal jasti","522504","Guntur","../uploads/kushal.png","0.00",NULL,NULL,,NULL,"0"
"6",,"hari@gmail.com","$2y$10$WmXjsRSQHM/oFF7AZFXWuumWUPBHblKFr3v61N412V4VvSjUXbnUe","8976543290","Ongole","2025-01-27 21:05:58","user","sri hari","522345","ongole",NULL,"0.00",NULL,NULL,,NULL,"0"
"7",,"rachapudiamulya2022@gmail.com","$2y$10$nyMB1bKHtjrjwE4iWD6.0.ttl.RcSqQvKFkUQWNyU/unpk/D/5ZDa","9346851918","guntur","2025-01-27 21:24:46","user","amulya","522035","Guntur","../uploads/amulya.png","0.00",NULL,NULL,,NULL,"0"
"8",,"himavanth@gmail.com","$2y$10$0D7/jQ848M41RjfHwHUYAesz2Gma2E8byMMHha2MYOR1DghlaODSi","6380599765","mumbai","2025-02-02 21:27:17","user","Himavanth","522303","Mumbai","../uploads/himawanth.jpg","0.00",NULL,NULL,,NULL,"0"
