"Customer ID",Name,Email,Phone,"Registration Date","Total Orders"
1,"Mohan balu",mohanbalu292@gmail.com,8074223801,"2025-01-25 15:05:02",14
5,"kushal jasti",kushal@gmail.com,9490851787,"2025-01-27 11:21:31",1
8,Himavanth,himavanth@gmail.com,6380599765,"2025-02-02 21:27:17",1
3,"allu arjun",arjun@gmail.com,9988776655,"2025-01-25 17:08:43",1
7,amulya,rachapudiamulya2022@gmail.com,9346851918,"2025-01-27 21:24:46",0
2,saradhi,saradhi@gmail.com,9440738630,"2025-01-25 15:49:08",0
6,"sri hari",hari@gmail.com,8976543290,"2025-01-27 21:05:58",0
