"Order ID","Order Date","Delivery Address",Phone,"Total Cost","Payment Method","Payment Details"
22,"2025-02-10 11:23:07",vijayawada,8074223801,1199.00,cod,"Cash on Delivery"
21,"2025-02-10 11:19:53",vijayawada,8074223801,50.00,cod,"Cash on Delivery"
20,"2025-02-10 11:19:43",vijayawada,8074223801,50.00,cod,"Cash on Delivery"
19,"2025-02-03 11:42:13",vijayawada,8074223801,50.00,cod,"Cash on Delivery"
18,"2025-02-03 11:25:18",vijayawada,8074223801,121768.00,cod,"Cash on Delivery"
15,"2025-01-26 15:37:37",vijayawada,8074223801,121768.00,cod,"Cash on Delivery"
14,"2025-01-26 15:34:59",vijayawada,9988776655,121768.00,cod,"Cash on Delivery"
13,"2025-01-26 15:33:08",vijayawada,9988776655,121768.00,cod,"Cash on Delivery"
12,"2025-01-26 15:26:22",vijayawada,9988776655,399.00,cod,"Cash on Delivery"
11,"2025-01-26 00:18:43",vijayawada,9988776655,149.00,cod,"Cash on Delivery"
10,"2025-01-25 23:55:21",vijayawada,9988776655,149.00,cod,"Cash on Delivery"
9,"2025-01-25 23:55:10",vijayawada,9988776644,149.00,cod,"Cash on Delivery"
8,"2025-01-25 23:43:29",vijayawada,9988776644,78908.00,cod,"Cash on Delivery"
7,"2025-01-25 23:42:48",jaggayyapeta,9988776644,800.00,cod,"Cash on Delivery"
6,"2025-01-25 22:12:48",Vijayawada,9988776655,800.00,cod,"Cash on Delivery"
4,"2025-01-25 21:54:19",Vijayawada,9988776655,1600.00,cod,"Cash on Delivery"
1,"2025-01-25 16:09:37",Vijayawada,8074223801,14500.00,cod,"Cash on Delivery"
